{
  "f8e6b000-5643-4b86-9080-aa680ce1f599": {
    "asset": 1531075287810,
    "meta": 1530695500000,
    "relativePath": "image"
  },
  "fc09f9bd-2cce-4605-b630-8145ef809ed6": {
    "asset": 1531075255283,
    "meta": 1530695500000,
    "relativePath": "misc"
  },
  "2be36297-9abb-4fee-8049-9ed5e271da8a": {
    "asset": 1530695500000,
    "meta": 1530695500000,
    "relativePath": "misc\\default_video.mp4"
  },
  "f6e6dd15-71d1-4ffe-ace7-24fd39942c05": {
    "asset": 1531075263157,
    "meta": 1530695500000,
    "relativePath": "obsolete"
  },
  "b8223619-7e38-47c4-841f-9160c232495a": {
    "asset": 1530695500000,
    "meta": 1530695500000,
    "relativePath": "obsolete\\atom.plist"
  },
  "f743d2b6-b7ea-4c14-a55b-547ed4d0a045": {
    "asset": 1531075255299,
    "meta": 1530695500000,
    "relativePath": "particle"
  },
  "b2687ac4-099e-403c-a192-ff477686f4f5": {
    "asset": 1530695500000,
    "meta": 1530695500000,
    "relativePath": "particle\\atom.plist"
  },
  "ae6c6c98-11e4-452f-8758-75f5c6a56e83": {
    "asset": 1531075378646,
    "meta": 1530695500000,
    "relativePath": "prefab"
  },
  "6c0711db-b872-4595-a929-e608405e6228": {
    "asset": 1531560601479,
    "meta": 1531156238697,
    "relativePath": "resources"
  },
  "dc10d317-f8ba-4d98-b9e5-b7f2c4b1651f": {
    "asset": 1531156395158,
    "meta": 1531156395218,
    "relativePath": "resources\\back.png"
  },
  "3776d564-6ec2-4de6-9ba0-95d1c94eea52": {
    "asset": 1531557226618,
    "meta": 1531157185763,
    "relativePath": "script"
  },
  "ceddbb24-32b1-4a20-871b-c4fb58df9df0": {
    "asset": 1531548953181,
    "meta": 1531548953202,
    "relativePath": "numberPieceitem.prefab"
  },
  "159b2d90-e027-4031-b277-454ea5cd895f": {
    "asset": 1531232984703,
    "meta": 1531232984720,
    "relativePath": "resources\\Fontin-SmallCaps.ttf"
  },
  "24a44110-6bbf-4d92-a38a-f318a261156b": {
    "asset": 1531313139211,
    "meta": 1531313139251,
    "relativePath": "resources\\money_panel.png"
  },
  "279fb6e9-faf9-4865-97c9-15e51a3ce392": {
    "asset": 1531313139211,
    "meta": 1531313139254,
    "relativePath": "resources\\win_panel.png"
  },
  "b6b79952-4bb2-443c-b7ca-27a515f01056": {
    "asset": 1531313139211,
    "meta": 1531313139262,
    "relativePath": "resources\\payouts.png"
  },
  "d0c4836e-e0f3-494d-b9c3-27d1ad59639f": {
    "asset": 1531313272817,
    "meta": 1531313272838,
    "relativePath": "resources\\plus_display.png"
  },
  "ce350d1c-bba4-4c1e-a32d-faad0d4d50cd": {
    "asset": 1531315327039,
    "meta": 1531315340139,
    "relativePath": "resources\\btn_disabled.png"
  },
  "41a90a1e-0abd-4b74-875f-d3886eb6e187": {
    "asset": 1531315270615,
    "meta": 1531315340141,
    "relativePath": "resources\\btn_normal.png"
  },
  "1c2a5014-57b6-4360-b806-c5993d5207bd": {
    "asset": 1531315922354,
    "meta": 1531315924007,
    "relativePath": "resources\\btn_pressed.png"
  },
  "6d20c746-c5e7-4304-856f-b6b8c91c68ec": {
    "asset": 1531316444808,
    "meta": 1531316455738,
    "relativePath": "resources\\bg_game.jpg"
  },
  "2e9c88fb-6c90-49f3-bace-521b873e9795": {
    "asset": 1531314197858,
    "meta": 1531317935791,
    "relativePath": "resources\\piece_select_back.png"
  },
  "344bc541-7c6f-4c78-af03-29735105e9a8": {
    "asset": 1531314169348,
    "meta": 1531317935793,
    "relativePath": "resources\\piece_normal_back.png"
  },
  "30f425f2-bc45-4a5b-8a3e-744e7fc137b9": {
    "asset": 1531318412544,
    "meta": 1531318412598,
    "relativePath": "resources\\number.png"
  },
  "7f02f694-8275-4d08-8337-065fadb16497": {
    "asset": 1531324041058,
    "meta": 1531324046180,
    "relativePath": "resources\\piece_check_back.png"
  },
  "52477ac3-e9f7-48e2-81d2-ba24607538d6": {
    "asset": 1531397735927,
    "meta": 1531397747106,
    "relativePath": "resources\\dollar.png"
  },
  "1c38a04d-c533-4971-8476-475d302f3b43": {
    "asset": 1531757509667,
    "meta": 1531757509679,
    "relativePath": "main_game.fire"
  },
  "fd340c43-33c2-4e94-8f38-d061f0704a94": {
    "asset": 1531459314133,
    "meta": 1531461025177,
    "relativePath": "resources\\ball.png"
  },
  "2a2829e1-0bcb-47d5-8def-120385273087": {
    "asset": 1531459314134,
    "meta": 1531459314158,
    "relativePath": "resources\\tube.png"
  },
  "d02cc0d3-6397-4b34-9d84-a8c6fbc0c07f": {
    "asset": 1531495561495,
    "meta": 1531495561503,
    "relativePath": "ball_item.prefab"
  },
  "2fc2d817-2b61-4c75-87d5-7a4baeca7d10": {
    "asset": 1531480083244,
    "meta": 1531482253491,
    "relativePath": "resources\\singleColor.png"
  },
  "9e71ea30-8480-428a-a2e9-e40fbe1e4191": {
    "asset": 1531491581243,
    "meta": 1531491581264,
    "relativePath": "resources\\hole.png"
  },
  "e4fb385f-7d61-464b-a4ad-291389c32e46": {
    "asset": 1531554501181,
    "meta": 1531554502979,
    "relativePath": "script\\createPieces.js"
  },
  "fd97c096-b9df-45b7-9145-6b991a580fcc": {
    "asset": 1531729638116,
    "meta": 1531729638123,
    "relativePath": "start_scene.fire"
  },
  "3ac5a740-e5db-4010-98da-b6d53ae8c2a7": {
    "asset": 1531556917982,
    "meta": 1531556918040,
    "relativePath": "resources\\bg_menu.jpg"
  },
  "a912a0bf-7c2d-4532-9e75-f2caea27dd96": {
    "asset": 1531557152030,
    "meta": 1531557153891,
    "relativePath": "resources\\btn_play.png"
  },
  "99e454d7-0150-4902-9461-5896e6785a47": {
    "asset": 1531560601474,
    "meta": 1531560601491,
    "relativePath": "resources\\but_exit.png"
  },
  "07077e86-7fd9-411e-a0c2-1230c4454ba0": {
    "asset": 1531651011942,
    "meta": 1531651011948,
    "relativePath": "resources\\sound\\bg.mp3"
  },
  "623a3673-910f-4f69-b1b4-1b8b7d135e53": {
    "asset": 1531651015978,
    "meta": 1531651015981,
    "relativePath": "resources\\sound"
  },
  "aa1b6a1d-d848-4d4f-9126-d790cc9ef164": {
    "asset": 1531651458265,
    "meta": 1531651458269,
    "relativePath": "resources\\sound\\piece.mp3"
  },
  "45b7e5b1-05b0-49aa-b1fc-9e9f0f4c5bb5": {
    "asset": 1531651458265,
    "meta": 1531651458270,
    "relativePath": "resources\\sound\\ball.mp3"
  },
  "867f20d3-4688-4c3a-b874-549285c413e4": {
    "asset": 1531651458265,
    "meta": 1531651458271,
    "relativePath": "resources\\sound\\complete.mp3"
  },
  "4a59d653-e7cc-48ff-8226-03d97cf847f7": {
    "asset": 1531651579921,
    "meta": 1531651582424,
    "relativePath": "script\\createBall.js"
  },
  "e851e89b-faa2-4484-bea6-5c01dd9f06e2": {
    "asset": 1530695500000,
    "meta": 1531727622542,
    "relativePath": "image\\default_btn_normal.png"
  },
  "71561142-4c83-4933-afca-cb7a17f67053": {
    "asset": 1530695500000,
    "meta": 1531727622545,
    "relativePath": "image\\default_btn_disabled.png"
  },
  "b43ff3c2-02bb-4874-81f7-f2dea6970f18": {
    "asset": 1530695500000,
    "meta": 1531727622551,
    "relativePath": "image\\default_btn_pressed.png"
  },
  "d81ec8ad-247c-4e62-aa3c-d35c4193c7af": {
    "asset": 1530695500000,
    "meta": 1531727622554,
    "relativePath": "image\\default_panel.png"
  },
  "99170b0b-d210-46f1-b213-7d9e3f23098a": {
    "asset": 1530695500000,
    "meta": 1531727622561,
    "relativePath": "image\\default_progressbar_bg.png"
  },
  "cfef78f1-c8df-49b7-8ed0-4c953ace2621": {
    "asset": 1530695500000,
    "meta": 1531727622563,
    "relativePath": "image\\default_progressbar.png"
  },
  "567dcd80-8bf4-4535-8a5a-313f1caf078a": {
    "asset": 1530695500000,
    "meta": 1531727622571,
    "relativePath": "image\\default_radio_button_off.png"
  },
  "9d60001f-b5f4-4726-a629-2659e3ded0b8": {
    "asset": 1530695500000,
    "meta": 1531727622573,
    "relativePath": "image\\default_radio_button_on.png"
  },
  "4bab67cb-18e6-4099-b840-355f0473f890": {
    "asset": 1530695500000,
    "meta": 1531727622579,
    "relativePath": "image\\default_scrollbar_bg.png"
  },
  "617323dd-11f4-4dd3-8eec-0caf6b3b45b9": {
    "asset": 1530695500000,
    "meta": 1531727622582,
    "relativePath": "image\\default_scrollbar_vertical_bg.png"
  },
  "0291c134-b3da-4098-b7b5-e397edbe947f": {
    "asset": 1530695500000,
    "meta": 1531727622590,
    "relativePath": "image\\default_scrollbar.png"
  },
  "d6d3ca85-4681-47c1-b5dd-d036a9d39ea2": {
    "asset": 1530695500000,
    "meta": 1531727622592,
    "relativePath": "image\\default_scrollbar_vertical.png"
  },
  "0275e94c-56a7-410f-bd1a-fc7483f7d14a": {
    "asset": 1530695500000,
    "meta": 1531727622599,
    "relativePath": "image\\default_sprite_splash.png"
  },
  "6e056173-d285-473c-b206-40a7fff5386e": {
    "asset": 1530695500000,
    "meta": 1531727622600,
    "relativePath": "image\\default_sprite.png"
  },
  "c25b9d50-c8fc-4d27-beeb-6e7c1f2e5c0f": {
    "asset": 1530695500000,
    "meta": 1531727622606,
    "relativePath": "image\\default_toggle_disabled.png"
  },
  "73a0903d-d80e-4e3c-aa67-f999543c08f5": {
    "asset": 1530695500000,
    "meta": 1531727622609,
    "relativePath": "image\\default_toggle_checkmark.png"
  },
  "d29077ba-1627-4a72-9579-7b56a235340c": {
    "asset": 1530695500000,
    "meta": 1531727622615,
    "relativePath": "image\\default_toggle_normal.png"
  },
  "b181c1e4-0a72-4a91-bfb0-ae6f36ca60bd": {
    "asset": 1530695500000,
    "meta": 1531727622619,
    "relativePath": "image\\default_toggle_pressed.png"
  },
  "972b9a4d-47ee-4c74-b5c3-61d8a69bc29f": {
    "asset": 1530695500000,
    "meta": 1531727622624,
    "relativePath": "prefab\\button.prefab"
  },
  "2c937608-2562-40ea-b264-7395df6f0cea": {
    "asset": 1530695500000,
    "meta": 1531727622625,
    "relativePath": "prefab\\canvas.prefab"
  },
  "27756ebb-3d33-44b0-9b96-e858fadd4dd4": {
    "asset": 1530695500000,
    "meta": 1531727622628,
    "relativePath": "prefab\\label.prefab"
  },
  "61aeb05b-3b32-452b-8eed-2b76deeed554": {
    "asset": 1530695500000,
    "meta": 1531727622629,
    "relativePath": "prefab\\editbox.prefab"
  },
  "785a442c-3ceb-45be-a46e-7317f625f3b9": {
    "asset": 1530695500000,
    "meta": 1531727622634,
    "relativePath": "prefab\\layout.prefab"
  },
  "ca8401fe-ad6e-41a8-bd46-8e3e4e9945be": {
    "asset": 1530695500000,
    "meta": 1531727622635,
    "relativePath": "prefab\\pageview.prefab"
  },
  "cd33edea-55f5-46c2-958d-357a01384a36": {
    "asset": 1530695500000,
    "meta": 1531727622638,
    "relativePath": "prefab\\particlesystem.prefab"
  },
  "5965ffac-69da-4b55-bcde-9225d0613c28": {
    "asset": 1530695500000,
    "meta": 1531727622639,
    "relativePath": "prefab\\progressBar.prefab"
  },
  "4a37dd57-78cd-4cec-aad4-f11a73d12b63": {
    "asset": 1530695500000,
    "meta": 1531727622643,
    "relativePath": "prefab\\richtext.prefab"
  },
  "32044bd2-481f-4cf1-a656-e2b2fb1594eb": {
    "asset": 1530695500000,
    "meta": 1531727622645,
    "relativePath": "prefab\\scrollview.prefab"
  },
  "0004d1cf-a0ad-47d8-ab17-34d3db9d35a3": {
    "asset": 1530695500000,
    "meta": 1531727622648,
    "relativePath": "prefab\\slider.prefab"
  },
  "1f55e3be-b89b-4b79-88de-47fd31018044": {
    "asset": 1530695500000,
    "meta": 1531727622649,
    "relativePath": "prefab\\sprite_splash.prefab"
  },
  "96083d03-c332-4a3f-9386-d03e2d19e8ee": {
    "asset": 1530695500000,
    "meta": 1531727622652,
    "relativePath": "prefab\\sprite.prefab"
  },
  "7de03a80-4457-438d-95a7-3e7cdffd6086": {
    "asset": 1530695500000,
    "meta": 1531727622654,
    "relativePath": "prefab\\tiledmap.prefab"
  },
  "0d784963-d024-4ea6-a7db-03be0ad63010": {
    "asset": 1530695500000,
    "meta": 1531727622658,
    "relativePath": "prefab\\toggle.prefab"
  },
  "bf0a434c-84dd-4a8e-a08a-7a36f180cc75": {
    "asset": 1530695500000,
    "meta": 1531727622659,
    "relativePath": "prefab\\toggleContainer.prefab"
  },
  "d1b8be49-b0a0-435c-83b7-552bed4bbe35": {
    "asset": 1530695500000,
    "meta": 1531727622663,
    "relativePath": "prefab\\toggleGroup.prefab"
  },
  "232d2782-c4bd-4bb4-9e01-909f03d6d3b9": {
    "asset": 1530695500000,
    "meta": 1531727622664,
    "relativePath": "prefab\\videoplayer.prefab"
  },
  "8c5001fd-07ee-4a4b-a8a0-63e15195e94d": {
    "asset": 1530695500000,
    "meta": 1531727622666,
    "relativePath": "prefab\\webview.prefab"
  },
  "d50c2e86-00df-46ba-b2a3-58c082d90291": {
    "asset": 1531734105373,
    "meta": 1531734106312,
    "relativePath": "script\\startScene.js"
  },
  "80221c0d-7e36-47e6-afff-35f57b09248c": {
    "asset": 1531755600881,
    "meta": 1531755604307,
    "relativePath": "script\\itemSelect.js"
  },
  "b8e82216-fdda-41e8-8a61-4d204e91541d": {
    "asset": 1531757505794,
    "meta": 1531757508120,
    "relativePath": "script\\game.js"
  }
}