{
  "item-states": [
    {
      "folded": false,
      "id": "mount-assets"
    },
    {
      "folded": false,
      "id": "3776d564-6ec2-4de6-9ba0-95d1c94eea52"
    },
    {
      "folded": false,
      "id": "6c0711db-b872-4595-a929-e608405e6228"
    },
    {
      "folded": true,
      "id": "dc10d317-f8ba-4d98-b9e5-b7f2c4b1651f"
    },
    {
      "folded": true,
      "id": "9e71ea30-8480-428a-a2e9-e40fbe1e4191"
    },
    {
      "folded": true,
      "id": "fd340c43-33c2-4e94-8f38-d061f0704a94"
    },
    {
      "folded": true,
      "id": "2a2829e1-0bcb-47d5-8def-120385273087"
    },
    {
      "folded": true,
      "id": "52477ac3-e9f7-48e2-81d2-ba24607538d6"
    },
    {
      "folded": true,
      "id": "30f425f2-bc45-4a5b-8a3e-744e7fc137b9"
    },
    {
      "folded": true,
      "id": "b6b79952-4bb2-443c-b7ca-27a515f01056"
    },
    {
      "folded": true,
      "id": "6d20c746-c5e7-4304-856f-b6b8c91c68ec"
    },
    {
      "folded": true,
      "id": "279fb6e9-faf9-4865-97c9-15e51a3ce392"
    },
    {
      "folded": true,
      "id": "41a90a1e-0abd-4b74-875f-d3886eb6e187"
    },
    {
      "folded": true,
      "id": "1c2a5014-57b6-4360-b806-c5993d5207bd"
    },
    {
      "folded": true,
      "id": "24a44110-6bbf-4d92-a38a-f318a261156b"
    },
    {
      "folded": true,
      "id": "2fc2d817-2b61-4c75-87d5-7a4baeca7d10"
    },
    {
      "folded": true,
      "id": "ce350d1c-bba4-4c1e-a32d-faad0d4d50cd"
    },
    {
      "folded": true,
      "id": "d0c4836e-e0f3-494d-b9c3-27d1ad59639f"
    },
    {
      "folded": true,
      "id": "7f02f694-8275-4d08-8337-065fadb16497"
    },
    {
      "folded": true,
      "id": "2e9c88fb-6c90-49f3-bace-521b873e9795"
    },
    {
      "folded": true,
      "id": "344bc541-7c6f-4c78-af03-29735105e9a8"
    },
    {
      "folded": true,
      "id": "3ac5a740-e5db-4010-98da-b6d53ae8c2a7"
    },
    {
      "folded": true,
      "id": "a912a0bf-7c2d-4532-9e75-f2caea27dd96"
    },
    {
      "folded": true,
      "id": "99e454d7-0150-4902-9461-5896e6785a47"
    }
  ]
}