{
  "version": "1.1.1",
  "windows": {
    "main": {
      "main": true,
      "url": "app://editor/index.html",
      "windowType": "dockable",
      "x": -8,
      "y": -8,
      "width": 1936,
      "height": 1056,
      "layout": {
        "children": [
          {
            "children": [
              {
                "children": [
                  {
                    "active": 0,
                    "children": [
                      "hierarchy"
                    ],
                    "height": 467.984375,
                    "type": "panel",
                    "width": 204
                  },
                  {
                    "active": 0,
                    "children": [
                      "assets"
                    ],
                    "height": 467.984375,
                    "type": "panel",
                    "width": 204
                  }
                ],
                "height": 467.984375,
                "type": "dock-h",
                "width": 411
              },
              {
                "active": 0,
                "children": [
                  "node-library"
                ],
                "height": 457,
                "type": "panel",
                "width": 411
              }
            ],
            "height": 928,
            "type": "dock-v",
            "width": 411
          },
          {
            "active": 0,
            "children": [
              "scene"
            ],
            "height": 928,
            "type": "panel",
            "width": 993
          },
          {
            "children": [
              {
                "active": 0,
                "children": [
                  "inspector"
                ],
                "height": 424,
                "type": "panel",
                "width": 504
              },
              {
                "active": 0,
                "children": [
                  "console",
                  "timeline"
                ],
                "height": 501,
                "type": "panel",
                "width": 504
              }
            ],
            "height": 928,
            "type": "dock-v",
            "width": 504
          }
        ],
        "type": "dock-h"
      },
      "panels": [
        "node-library",
        "inspector",
        "console",
        "timeline",
        "hierarchy",
        "assets",
        "scene"
      ]
    },
    "window-1531757560345": {},
    "worker": {}
  },
  "panels": {
    "project-settings": {
      "x": 662,
      "y": 240,
      "width": 600,
      "height": 565
    },
    "tester": {
      "x": 702,
      "y": 90,
      "width": 516,
      "height": 839
    },
    "sprite-editor": {
      "x": 702,
      "y": 240,
      "width": 516,
      "height": 539
    },
    "builder": {
      "x": 702,
      "y": 140,
      "width": 516,
      "height": 739
    }
  }
}